Age Group,Gender,Symptom,Condition,Suggested Remedy,Duration (days),Severity,Side Effects
18-25,Male,Dandruff,Seborrheic Dermatitis,Coconut oil,7,High,Redness
18-25,Female,Itchy scalp,Alopecia,Antifungal shampoo,10,Medium,None
46-60,Male,Dandruff,Seborrheic Dermatitis,Salicylic acid shampoo,2,High,Irritation
46-60,Female,Dandruff,Fungal Infection,Antifungal shampoo,8,Low,Dryness
60+,Female,Hair fall,Alopecia,Minoxidil,14,High,Dryness
18-25,Male,Oily scalp,Dry Scalp,Minoxidil,3,High,Itching
26-35,Female,Dandruff,Oily Dandruff,Minoxidil,2,High,Itching
46-60,Female,Dandruff,Fungal Infection,Antifungal shampoo,13,Medium,Irritation
46-60,Female,Itchy scalp,Seborrheic Dermatitis,Coconut oil,6,Low,Redness
26-35,Female,Dry hair,Fungal Infection,Antifungal shampoo,10,Medium,Dryness
36-45,Male,Oily scalp,Alopecia,Coconut oil,13,Low,Redness
18-25,Male,Hair fall,Alopecia,Minoxidil,2,High,None
18-25,Female,Dandruff,Dry Scalp,Ketoconazole shampoo,16,High,Redness
60+,Female,Oily scalp,Fungal Infection,Coconut oil,10,Low,Dryness
60+,Male,Dry hair,Dry Scalp,Minoxidil,7,High,Redness
36-45,Male,Dry hair,Seborrheic Dermatitis,Antifungal shampoo,9,Low,Itching
18-25,Male,Dandruff,Alopecia,Minoxidil,4,Medium,Itching
46-60,Male,Oily scalp,Alopecia,Coconut oil,2,Low,Itching
26-35,Female,Hair fall,Dry Scalp,Coconut oil,12,Low,Irritation
60+,Male,Oily scalp,Oily Dandruff,Ketoconazole shampoo,14,Low,Redness
60+,Female,Oily scalp,Dry Scalp,Ketoconazole shampoo,6,Low,Dryness
18-25,Male,Hair fall,Oily Dandruff,Ketoconazole shampoo,14,Medium,None
36-45,Male,Dandruff,Fungal Infection,Coconut oil,13,Low,Irritation
18-25,Female,Itchy scalp,Fungal Infection,Antifungal shampoo,10,Medium,Irritation
18-25,Female,Dandruff,Seborrheic Dermatitis,Ketoconazole shampoo,3,Medium,None
18-25,Female,Oily scalp,Oily Dandruff,Coconut oil,2,Low,Dryness
26-35,Male,Itchy scalp,Seborrheic Dermatitis,Coconut oil,9,High,Redness
26-35,Female,Oily scalp,Oily Dandruff,Ketoconazole shampoo,10,Low,Itching
18-25,Male,Dandruff,Alopecia,Antifungal shampoo,5,Medium,Redness
18-25,Female,Dry hair,Oily Dandruff,Salicylic acid shampoo,9,Medium,Redness
46-60,Female,Itchy scalp,Dry Scalp,Antifungal shampoo,2,High,Irritation
26-35,Male,Itchy scalp,Alopecia,Minoxidil,4,Medium,Redness
18-25,Male,Hair fall,Seborrheic Dermatitis,Coconut oil,6,Low,Itching
60+,Female,Hair fall,Dry Scalp,Minoxidil,13,Medium,None
18-25,Male,Dandruff,Dry Scalp,Minoxidil,14,Medium,Redness
46-60,Female,Hair fall,Fungal Infection,Minoxidil,8,Low,Itching
18-25,Male,Oily scalp,Seborrheic Dermatitis,Coconut oil,10,Low,Itching
46-60,Female,Dandruff,Dry Scalp,Salicylic acid shampoo,16,Low,None
60+,Male,Hair fall,Oily Dandruff,Minoxidil,11,Medium,Itching
36-45,Male,Dandruff,Alopecia,Minoxidil,2,Low,Irritation
46-60,Male,Dry hair,Oily Dandruff,Coconut oil,12,High,Irritation
46-60,Female,Oily scalp,Oily Dandruff,Ketoconazole shampoo,9,Low,Dryness
46-60,Male,Hair fall,Oily Dandruff,Coconut oil,14,High,None
60+,Female,Dry hair,Oily Dandruff,Salicylic acid shampoo,16,High,Itching
26-35,Male,Hair fall,Oily Dandruff,Minoxidil,7,Low,Redness
60+,Male,Itchy scalp,Fungal Infection,Salicylic acid shampoo,8,Medium,Irritation
36-45,Female,Dry hair,Alopecia,Coconut oil,11,High,None
46-60,Female,Hair fall,Seborrheic Dermatitis,Minoxidil,14,Low,Redness
18-25,Male,Itchy scalp,Dry Scalp,Coconut oil,12,Medium,None
26-35,Male,Oily scalp,Fungal Infection,Ketoconazole shampoo,15,Medium,Dryness
46-60,Female,Red patches,Fungal Rash,Antifungal cream,13,Medium,Irritation
46-60,Male,Scaly skin,Dermatitis,Topical steroids,14,Low,Skin thinning
60+,Female,Scaly skin,Psoriasis,Hydrocortisone,10,Medium,None
36-45,Male,Rashes,Contact Dermatitis,Anti-inflammatory cream,6,High,None
36-45,Female,Itchy skin,Contact Dermatitis,Moisturizers,6,High,Skin thinning
60+,Female,Rashes,Psoriasis,Topical steroids,14,Low,Drowsiness
26-35,Male,Scaly skin,Psoriasis,Antifungal cream,3,Medium,Drowsiness
26-35,Male,Red patches,Dermatitis,Anti-inflammatory cream,16,High,None
18-25,Female,Scaly skin,Fungal Rash,Topical steroids,6,High,Irritation
46-60,Male,Scaly skin,Eczema,Hydrocortisone,13,Medium,Burning
46-60,Male,Itchy skin,Psoriasis,Antifungal cream,12,Low,Drowsiness
18-25,Male,Itchy skin,Contact Dermatitis,Moisturizers,5,Low,None
46-60,Male,Itchy skin,Fungal Rash,Topical steroids,14,Low,Irritation
18-25,Female,Scaly skin,Psoriasis,Hydrocortisone,9,High,Skin thinning
60+,Male,Dry skin,Eczema,Hydrocortisone,4,Low,None
46-60,Male,Scaly skin,Contact Dermatitis,Antifungal cream,15,Medium,None
36-45,Male,Dry skin,Psoriasis,Antifungal cream,10,Low,Skin thinning
18-25,Male,Rashes,Eczema,Moisturizers,12,Low,Irritation
26-35,Male,Itchy skin,Contact Dermatitis,Topical steroids,5,Medium,Burning
26-35,Male,Dry skin,Dermatitis,Hydrocortisone,2,Medium,None
26-35,Male,Itchy skin,Dermatitis,Moisturizers,16,Low,Skin thinning
60+,Male,Rashes,Psoriasis,Topical steroids,6,Low,Irritation
60+,Male,Scaly skin,Dermatitis,Moisturizers,2,High,Skin thinning
36-45,Female,Scaly skin,Psoriasis,Anti-inflammatory cream,6,High,Irritation
36-45,Female,Itchy skin,Dermatitis,Moisturizers,7,Low,Irritation
36-45,Female,Dry skin,Psoriasis,Moisturizers,12,High,Irritation
36-45,Male,Itchy skin,Psoriasis,Anti-inflammatory cream,3,Medium,Burning
60+,Female,Rashes,Eczema,Anti-inflammatory cream,3,High,Irritation
36-45,Male,Rashes,Contact Dermatitis,Topical steroids,16,Low,None
46-60,Male,Rashes,Fungal Rash,Hydrocortisone,16,Low,Drowsiness
46-60,Female,Itchy skin,Contact Dermatitis,Anti-inflammatory cream,14,Low,Irritation
60+,Male,Dry skin,Psoriasis,Topical steroids,3,Low,Drowsiness
18-25,Male,Itchy skin,Contact Dermatitis,Antifungal cream,7,Low,Skin thinning
60+,Male,Red patches,Eczema,Antifungal cream,9,High,Irritation
18-25,Male,Itchy skin,Eczema,Hydrocortisone,9,Medium,None
46-60,Male,Red patches,Psoriasis,Hydrocortisone,8,Low,Burning
36-45,Female,Dry skin,Eczema,Topical steroids,16,Medium,None
60+,Female,Dry skin,Dermatitis,Hydrocortisone,14,Medium,Irritation
26-35,Female,Dry skin,Contact Dermatitis,Anti-inflammatory cream,10,High,Skin thinning
26-35,Male,Rashes,Contact Dermatitis,Hydrocortisone,4,High,Irritation
60+,Female,Rashes,Eczema,Anti-inflammatory cream,4,Low,Irritation
18-25,Female,Scaly skin,Psoriasis,Moisturizers,3,Low,None
26-35,Male,Red patches,Eczema,Anti-inflammatory cream,6,Low,Irritation
46-60,Female,Scaly skin,Dermatitis,Anti-inflammatory cream,15,High,None
26-35,Male,Scaly skin,Psoriasis,Antifungal cream,5,High,Burning
26-35,Female,Rashes,Psoriasis,Antifungal cream,12,High,Burning
18-25,Male,Scaly skin,Dermatitis,Topical steroids,4,Medium,Burning
46-60,Female,Rashes,Dermatitis,Hydrocortisone,4,Medium,Skin thinning
18-25,Female,Rashes,Eczema,Hydrocortisone,7,High,Irritation
18-25,Male,Scaly skin,Fungal Rash,Topical steroids,14,Medium,None
